group,name,gender,height_cm,haki,fruit,bounty,affiliation,first_arc,check
Straw Hats,Monkey D. Luffy,Male,174,OAC,Zoan,3000000000,Pirate,Romance Dawn,
Straw Hats,Roronoa Zoro,Male,181,OAC,None,1111000000,Pirate,Romance Dawn,
Straw Hats,Nami,Female,170,,None,366000000,Pirate,Orange Town,
Straw Hats,Usopp,Male,174,O,None,500000000,Pirate,Syrup Village,
Straw Hats,Sanji,Male,180,OA,None,1032000000,Pirate,Baratie,
Straw Hats,Tony Tony Chopper,Male,90,,Zoan,1000,Pirate,Drum Island,
Straw Hats,Nico Robin,Female,188,,Paramecia,930000000,Pirate,Whisky Peak,
Straw Hats,Franky,Male,240,,None,394000000,Pirate,Water 7,
Straw Hats,Brook,Male,277,,Paramecia,383000000,Pirate,Thriller Bark,
Straw Hats,Jinbe,Male,301,OA,None,1100000000,Pirate,Impel Down,
Emperors,Shanks,Male,199,OAC,None,4048900000,Pirate,Romance Dawn,
Emperors,Charlotte Linlin (Big Mom),Female,880,OAC,Paramecia,4388000000,Pirate,Fish-Man Island,
Emperors,Kaido,Male,710,OAC,Zoan,4611100000,Pirate,Dressrosa,
Emperors,Edward Newgate (Whitebeard),Male,666,OAC,Paramecia,5046000000,Pirate,Jaya,
Emperors,Marshall D. Teach (Blackbeard),Male,344,OA,Logia+Paramecia,3996000000,Pirate,Jaya,
Emperors,Buggy,Male,192,,Paramecia,3189000000,Pirate,Orange Town,
Red Hair Pirates,Benn Beckman,Male,206,A,None,Unknown,Pirate,Romance Dawn,
Red Hair Pirates,Lucky Roux,Male,241,A,None,Unknown,Pirate,Romance Dawn,Height worked out from wiki: 42 cm taller than Shanks
Red Hair Pirates,Yasopp,Male,183,O,None,Unknown,Pirate,Romance Dawn,
Big Mom Pirates,Charlotte Katakuri,Male,509,OAC,Paramecia,1057000000,Pirate,Whole Cake Island,
Big Mom Pirates,Charlotte Smoothie,Female,463,OA,Paramecia,932000000,Pirate,Whole Cake Island,
Big Mom Pirates,Charlotte Cracker,Male,307,OA,Paramecia,860000000,Pirate,Whole Cake Island,
Beasts Pirates,King,Male,610,OA,Zoan,1390000000,Pirate,Wano,
Beasts Pirates,Queen,Male,595,OA,Zoan,1320000000,Pirate,Wano,
Beasts Pirates,Jack,Male,830,OA,Zoan,1000000000,Pirate,Zou,
Whitebeard Pirates,Marco,Male,203,OA,Zoan,1374000000,Pirate,Jaya,
Whitebeard Pirates,Portgas D. Ace,Male,185,OAC,Logia,550000000,Pirate,Drum Island,
Whitebeard Pirates,Jozu,Male,503,OA,Paramecia,Unknown,Pirate,Jaya,
Blackbeard Pirates,Shiryu,Male,340,A,Paramecia,Unknown,Pirate,Impel Down,
Blackbeard Pirates,Jesus Burgess,Male,355,OA,None,Unknown,Pirate,Jaya,
Blackbeard Pirates,Van Augur,Male,340,O,Paramecia,Unknown,Pirate,Jaya,Haki not on wiki; kept O
Cross Guild,Dracule Mihawk,Male,198,OA,None,3590000000,Pirate,Baratie,
Cross Guild,Crocodile,Male,253,OA,Logia,1965000000,Pirate,Alabasta,
Cross Guild,Galdino (Mr. 3),Male,179,,Paramecia,24000000,Pirate,Little Garden,
Warlords,Donquixote Doflamingo,Male,305,OAC,Paramecia,340000000,Pirate,Jaya,
Warlords,Bartholomew Kuma,Male,689,A,Paramecia,296000000,Other,Jaya,
Warlords,Gecko Moria,Male,692,,Paramecia,320000000,Pirate,Thriller Bark,
Warlords,Boa Hancock,Female,191,OAC,Paramecia,1659000000,Pirate,Amazon Lily,
Warlords,Trafalgar Law,Male,191,OA,Paramecia,3000000000,Pirate,Sabaody,
Warlords,Edward Weevil,Male,680,OA,None,480000000,Pirate,Zou,
Admirals,Sakazuki (Akainu),Male,306,OA,Logia,5000000000,Government,Enies Lobby,Fan estimate by rank and fame (no official Marine bounties)
Admirals,Kuzan (Aokiji),Male,298,OA,Logia,Unknown,Pirate,Long Ring Long Land,
Admirals,Borsalino (Kizaru),Male,302,OA,Logia,3000000000,Government,Sabaody,Fan estimate by rank and fame (no official Marine bounties)
Admirals,Issho (Fujitora),Male,270,OA,Paramecia,3000000000,Government,Dressrosa,Fan estimate by rank and fame (no official Marine bounties)
Admirals,Aramaki (Ryokugyu),Male,308,OA,Logia,3000000000,Government,Levely,Fan estimate by rank and fame (no official Marine bounties)
Admirals,Sengoku,Male,278,OA,Zoan,3000000000,Government,Jaya,Fan estimate by rank and fame (no official Marine bounties)
Marines and Government,Monkey D. Garp,Male,287,OAC,None,3000000000,Government,Post-Enies Lobby,Fan estimate by rank and fame (no official Marine bounties)
Marines and Government,Koby,Male,167,OA,None,500000000,Government,Romance Dawn,Fan estimate by rank and fame (no official Marine bounties)
Marines and Government,Smoker,Male,209,OA,Logia,800000000,Government,Loguetown,Fan estimate by rank and fame (no official Marine bounties)
Marines and Government,Tashigi,Female,170,OA,None,200000000,Government,Loguetown,Fan estimate by rank and fame (no official Marine bounties)
Marines and Government,Helmeppo,Male,179,O,None,100000000,Government,Romance Dawn,Fan estimate by rank and fame (no official Marine bounties)
Marines and Government,Rob Lucci,Male,212,OA,Zoan,0,Government,Water 7,
Marines and Government,Kaku,Male,191,A,Zoan,0,Government,Water 7,
Marines and Government,Tsuru,Female,204,OA,Paramecia,1000000000,Government,Jaya,Fan estimate by rank and fame (no official Marine bounties)
Marines and Government,Jaygarcia Saturn,Male,249,OAC,Zoan,0,Government,Jaya,
Marines and Government,Vegapunk,Male,314,,Paramecia,0,Government,Egghead,
Marines and Government,Magellan,Male,318,,Paramecia,0,Government,Impel Down,
Marines and Government,Sentomaru,Male,330,A,None,300000000,Government,Sabaody,Fan estimate by rank and fame (no official Marine bounties)
Revolutionaries,Monkey D. Dragon,Male,256,,None,Unknown,Other,Loguetown,
Revolutionaries,Sabo,Male,187,OA,Logia,602000000,Other,Post-War,
Revolutionaries,Emporio Ivankov,Male,449,,Paramecia,Unknown,Other,Impel Down,
Revolutionaries,Koala,Female,160,,None,Unknown,Other,Fish-Man Island,
Supernovas,Eustass Kid,Male,205,OAC,Paramecia,3000000000,Pirate,Sabaody,
Supernovas,Killer,Male,195,OA,Zoan,200000000,Pirate,Sabaody,
Supernovas,Basil Hawkins,Male,210,,Paramecia,320000000,Pirate,Sabaody,
Supernovas,X Drake,Male,233,OA,Zoan,222000000,Both,Sabaody,
Supernovas,Scratchmen Apoo,Male,330,OA,Paramecia,350000000,Pirate,Sabaody,Height not on wiki; 330 is a guess
Supernovas,Jewelry Bonney,Female,174,,Paramecia,320000000,Pirate,Sabaody,
Supernovas,Capone Bege,Male,166,,Paramecia,350000000,Pirate,Sabaody,
Supernovas,Urouge,Male,388,,Paramecia,108000000,Pirate,Sabaody,
Roger Pirates,Gol D. Roger,Male,274,OAC,None,5564800000,Pirate,Romance Dawn,
Roger Pirates,Silvers Rayleigh,Male,188,OAC,None,Unknown,Pirate,Sabaody,
Story villains,Kuro,Male,220,,None,16000000,Pirate,Syrup Village,
Story villains,Don Krieg,Male,245,,None,17000000,Pirate,Baratie,
Story villains,Arlong,Male,263,,None,20000000,Pirate,Arlong Park,
Story villains,Enel,Male,266,O,Logia,0,Other,Skypiea,
Story villains,Caesar Clown,Male,305,,Logia,300000000,Other,Punk Hazard,
Story villains,Hody Jones,Male,205,,None,0,Pirate,Fish-Man Island,
Story villains,Wapol,Male,208,,Paramecia,0,Other,Drum Island,
Allies,Nefertari Vivi,Female,169,,None,0,Other,Whisky Peak,
Allies,Bentham (Mr. 2 Bon Clay),Male,211,,Paramecia,32000000,Other,Alabasta,
Allies,Iceburg,Male,199,,None,0,Other,Water 7,
Allies,Perona,Female,160,,Paramecia,0,Pirate,Thriller Bark,
Allies,Fisher Tiger,Male,520,,None,230000000,Pirate,Fish-Man Island,
Allies,Shirahoshi,Female,1112,,None,0,Other,Fish-Man Island,
Allies,Kin'emon,Male,202,A,Paramecia,0,Other,Punk Hazard,
Allies,Kozuki Momonosuke,Male,322,,Zoan,0,Other,Punk Hazard,
Allies,Bartolomeo,Male,225,,Paramecia,200000000,Pirate,Dressrosa,
Allies,Cavendish,Male,211,,None,330000000,Pirate,Dressrosa,
Allies,Hajrudin,Male,2200,OA,None,Unknown,Pirate,Dressrosa,
Allies,Bellamy,Male,240,OA,Paramecia,195000000,Pirate,Jaya,
Allies,Carrot,Female,160,O,None,0,Other,Zou,
Allies,Inuarashi,Male,511,OA,None,0,Other,Zou,
Allies,Nekomamushi,Male,522,OA,None,0,Other,Zou,
Allies,Charlotte Pudding,Female,166,,Paramecia,0,Pirate,Whole Cake Island,
Allies,Yamato,Male,263,OAC,Zoan,0,Other,Wano,
Allies,Kozuki Oden,Male,382,OA,None,Unknown,Pirate,Wano,
Allies,Dorry,Male,2260,,None,1800000000,Pirate,Little Garden,
Allies,Brogy,Male,2130,,None,1800000000,Pirate,Little Garden,
Allies,Loki,Male,6700,,Zoan,2600000000,Other,Elbaf,"Fruit, Haki and bounty still guesses"
